{"cameraMode":{"drawMode":0,"name":"Shaded","section":"Shading Mode"},"sceneLighting":false,"audioPlay":false,"sceneViewState":{"showFog":false,"showMaterialUpdate":false,"showSkybox":false,"showFlares":false,"showImageEffects":false,"showParticleSystems":false},"in2DMode":false,"pivot":{"x":-0.18745297193527223,"y":7.3712921142578129,"z":-0.5180559754371643},"rotation":{"x":0.24026203155517579,"y":-0.65044105052948,"z":0.22796204686164857,"w":0.6838119029998779},"size":15.834545135498047,"orthographic":false}