{"cameraMode":{"drawMode":0,"name":"Shaded","section":"Shading Mode"},"sceneLighting":true,"audioPlay":false,"sceneViewState":{"showFog":false,"showMaterialUpdate":false,"showSkybox":false,"showFlares":false,"showImageEffects":false,"showParticleSystems":false},"in2DMode":false,"pivot":{"x":-1.5584349632263184,"y":1.1602187156677247,"z":-0.6379790306091309},"rotation":{"x":0.12386564165353775,"y":-0.5438611507415772,"z":0.08098997175693512,"w":0.8262583613395691},"size":5.8416595458984379,"orthographic":false}